track_id,in_apple_playlists,in_apple_charts,in_deezer_playlists,in_deezer_charts,in_shazam_charts,rn,playlists_total_outros,charts_total_outros,presenca_total_outros
7512111,3,0,2,0,0,1,5,0,5
1771212,19,0,15,0,0,1,34,0,34
5087776,2,0,4,0,0,1,6,0,6
1769305,0,0,30,0,0,1,30,0,30
7556948,2,0,10,0,0,1,12,0,12
5080031,0,0,25,0,0,1,25,0,25
8143341,16,0,9,0,0,1,25,0,25
2061546,7,0,203,0,2,1,210,2,212
6621439,11,0,2,0,0,1,13,0,13
1906058,76,0,102,0,2,1,178,2,180
3186172,1,0,5,0,0,1,6,0,6
8333879,44,0,159,0,0,1,203,0,203
3049716,39,0,7341,0,0,1,7380,0,7380
5046895,5,0,862,0,0,1,867,0,867
8186517,24,0,396,0,0,1,420,0,420
2577311,38,0,4,0,0,1,42,0,42
5418507,10,0,39,0,0,1,49,0,49
8835305,10,0,70,0,0,1,80,0,80
5005107,1,0,3,0,0,1,4,0,4
5191929,21,0,31,0,0,1,52,0,52
3154799,2,0,12,0,10,1,14,10,24
7243247,0,0,31,0,0,1,31,0,31
1166211,1,0,9,0,0,1,10,0,10
4162862,0,0,0,0,0,1,0,0,0
3814670,3,0,63,0,353,1,66,353,419
6009839,32,0,19,0,0,1,51,0,51
3210546,15,0,0,0,0,1,15,0,15
2861036,22,0,23,0,0,1,45,0,45
1713130,1,0,4,0,0,1,5,0,5
6774092,7,0,7,0,0,1,14,0,14
2835063,29,0,44,0,0,1,73,0,73
4782067,19,0,38,0,0,1,57,0,57
3509026,0,0,806,0,0,1,806,0,806
3786238,0,0,2,0,0,1,2,0,2
2612867,3,0,2,0,0,1,5,0,5
8033263,31,0,19,0,2,1,50,2,52
4464368,3,0,5,0,0,1,8,0,8
5442505,0,0,0,0,0,1,0,0,0
7165052,8,0,29,0,0,1,37,0,37
8941056,32,0,12,0,0,1,44,0,44
3841850,14,0,11,0,0,1,25,0,25
3469822,9,0,15,0,1,1,24,1,25
8553734,2,0,7,0,0,1,9,0,9
2341529,4,0,8,0,0,1,12,0,12
6987709,0,0,0,0,0,1,0,0,0
2008299,82,0,2946,0,0,1,3028,0,3028
5311211,45,0,107,0,0,1,152,0,152
7762851,9,0,8,0,0,1,17,0,17
1532170,38,0,24,0,0,1,62,0,62
8164697,21,0,44,0,0,1,65,0,65
6177084,4,0,22,0,0,1,26,0,26
4722538,0,0,14,0,0,1,14,0,14
3371670,42,0,24,0,0,1,66,0,66
7477767,70,0,49,0,0,1,119,0,119
2313207,0,0,21,0,0,1,21,0,21
7717973,11,0,10,0,0,1,21,0,21
6577689,32,0,49,0,0,1,81,0,81
2150360,5,0,4,0,1,1,9,1,10
5939675,21,0,386,0,0,1,407,0,407
7688790,34,0,29,0,0,1,63,0,63
4319986,5,0,291,0,0,1,296,0,296
8173823,1,0,18,0,24,1,19,24,43
3253565,7,0,2094,0,0,1,2101,0,2101
8476304,1,0,29,0,0,1,30,0,30
2475712,4,0,14,0,0,1,18,0,18
5264430,0,0,0,0,0,1,0,0,0
6509365,29,0,30,0,0,1,59,0,59
3070266,28,0,54,0,0,1,82,0,82
6213355,25,0,14,0,0,1,39,0,39
2059327,24,0,805,0,0,1,829,0,829
6950436,3,0,28,0,1,1,31,1,32
7546342,35,0,549,0,0,1,584,0,584
6191375,25,0,22,0,0,1,47,0,47
1111875,23,0,18,0,33,1,41,33,74
3369956,0,0,356,0,0,1,356,0,356
3635714,0,0,3,0,0,1,3,0,3
1611239,0,0,885,0,0,1,885,0,885
8917301,17,0,24,0,30,1,41,30,71
4061483,16,0,54,0,0,1,70,0,70
5400474,5,0,5,0,0,1,10,0,10
6347306,35,0,3,0,0,1,38,0,38
4557678,11,0,7,0,0,1,18,0,18
6130665,24,0,52,0,0,1,76,0,76
4487193,19,0,7,0,0,1,26,0,26
6161550,0,0,6,0,0,1,6,0,6
1647815,72,0,0,0,0,1,72,0,72
6593931,50,0,6,0,0,1,56,0,56
1534505,0,0,5,0,0,1,5,0,5
7332091,1,1,3,0,0,1,4,1,5
5864281,82,1,231,0,2,1,313,3,316
2079115,8,1,18,0,0,1,26,1,27
7220913,36,1,31,0,1,1,67,2,69
3827200,6,1,6,0,0,1,12,1,13
8024591,6,1,21,0,1,1,27,2,29
6083108,8,1,13,0,0,1,21,1,22
6485441,51,1,50,0,0,1,101,1,102
6055373,14,1,50,0,0,1,64,1,65
3984533,8,1,7,0,0,1,15,1,16
1297061,0,1,2,0,0,1,2,1,3
1130135,46,1,34,0,0,1,80,1,81
8507943,7,1,15,0,0,1,22,1,23
7513238,4,1,6,0,0,1,10,1,11
4703367,26,1,58,0,0,1,84,1,85
7885122,45,1,80,0,12,1,125,13,138
1386091,5,1,62,0,0,1,67,1,68
2296238,86,1,49,0,9,1,135,10,145
2762640,26,1,19,0,0,1,45,1,46
5086845,10,1,8,0,0,1,18,1,19
3775590,13,1,15,0,1,1,28,2,30
6026926,14,1,13,0,0,1,27,1,28
5141433,12,1,8,0,1,1,20,2,22
2432426,12,1,11,0,8,1,23,9,32
4277985,88,1,277,0,0,1,365,1,366
1338081,42,1,26,0,0,1,68,1,69
7543802,15,1,23,0,0,1,38,1,39
6642483,23,1,15,0,0,1,38,1,39
7697062,18,1,28,0,0,1,46,1,47
5906167,203,1,8215,0,0,1,8418,1,8419
2442031,26,1,17,0,0,1,43,1,44
6554322,34,1,31,0,0,1,65,1,66
6640464,14,1,17,0,2,1,31,3,34
2148200,130,1,390,0,0,1,520,1,521
2643038,30,2,5,0,6,1,35,8,43
5128815,12,2,4,0,0,1,16,2,18
1828295,27,2,31,0,0,1,58,2,60
6143073,2,2,6,0,2,1,8,4,12
5158640,34,2,33,0,1,1,67,3,70
6193307,13,2,31,0,0,1,44,2,46
5355322,36,2,11,0,14,1,47,16,63
3355993,0,2,2,0,0,1,2,2,4
6549461,45,2,26,0,1,1,71,3,74
3872585,4,2,50,0,0,1,54,2,56
6333549,23,2,21,0,0,1,44,2,46
8725160,42,2,57,0,0,1,99,2,101
6107475,26,2,15,0,2,1,41,4,45
4671002,26,2,30,0,0,1,56,2,58
3519068,12,2,13,0,4,1,25,6,31
7498965,10,2,150,0,0,1,160,2,162
4830246,10,2,13,0,1,1,23,3,26
6270180,53,2,33,0,0,1,86,2,88
2582262,22,3,0,0,0,1,22,3,25
5554493,3,3,6,0,0,1,9,3,12
3895305,29,3,18,0,19,1,47,22,69
4967469,32,3,9,0,0,1,41,3,44
2661792,26,3,39,0,0,1,65,3,68
3023667,25,3,52,0,1,1,77,4,81
6575753,69,3,70,0,3,1,139,6,145
2503884,14,3,81,0,0,1,95,3,98
5899602,10,3,12,0,0,1,22,3,25
4069645,21,3,10,0,0,1,31,3,34
5565096,49,3,57,0,0,1,106,3,109
4169887,7,3,89,0,0,1,96,3,99
6390690,55,3,32,0,0,1,87,3,90
6372213,6,3,15,0,0,1,21,3,24
3092002,32,3,65,0,0,1,97,3,100
2307433,20,3,39,0,0,1,59,3,62
2830739,15,3,3,0,0,1,18,3,21
6457168,17,3,3,0,0,1,20,3,23
1336403,34,3,30,0,0,1,64,3,67
3434265,20,3,24,0,0,1,44,3,47
6057014,4,3,19,0,0,1,23,3,26
6895326,37,3,27,0,50,1,64,53,117
5911914,57,4,48,0,0,1,105,4,109
5922471,0,4,23,0,0,1,23,4,27
8297242,21,4,13,0,4,1,34,8,42
2987518,20,4,52,0,1,1,72,5,77
7036044,10,4,4,0,0,1,14,4,18
7700274,12,4,0,0,0,1,12,4,16
7662363,2,4,6,0,0,1,8,4,12
8471839,4,5,8,0,0,1,12,5,17
3475077,46,5,51,0,20,1,97,25,122
2645476,16,5,0,0,6,1,16,11,27
4551026,16,5,43,0,7,1,59,12,71
8262886,137,5,582,0,0,1,719,5,724
3108815,8,5,2,0,0,1,10,5,15
6590514,7,5,13,0,0,1,20,5,25
1904373,155,5,577,0,6,1,732,11,743
7870658,19,5,12,0,0,1,31,5,36
3184472,4,5,12,0,51,1,16,56,72
4322356,6,5,3,0,0,1,9,5,14
5334385,17,5,21,0,0,1,38,5,43
2038144,1,5,6,0,0,1,7,5,12
4538543,61,6,48,0,150,1,109,156,265
6116514,11,6,12,0,15,1,23,21,44
1824533,4,6,0,0,23,1,4,29,33
5897675,32,6,46,0,1,1,78,7,85
1386595,9,6,13,0,2,1,22,8,30
4824782,11,6,25,0,1,1,36,7,43
4117642,26,6,19,0,5,1,45,11,56
3381390,7,6,0,0,48,1,7,54,61
2542321,24,6,105,0,0,1,129,6,135
1587452,1,6,11,0,0,1,12,6,18
3143453,22,7,11,0,78,1,33,85,118
2820520,105,7,199,0,0,1,304,7,311
2636311,173,7,298,0,4,1,471,11,482
6339593,9,7,14,0,1,1,23,8,31
1671724,3,7,13,0,1,1,16,8,24
1322961,13,7,55,0,1,1,68,8,76
5974857,22,7,15,0,0,1,37,7,44
8283550,3,7,10,0,0,1,13,7,20
6427223,42,7,15,0,4,1,57,11,68
4923214,56,8,104,0,10,1,160,18,178
7989475,20,8,15,0,6,1,35,14,49
8174233,3,8,5,0,0,1,8,8,16
7910702,13,8,5,0,1,1,18,9,27
2598352,24,8,17,0,1,1,41,9,50
7175350,1,8,6,0,0,1,7,8,15
2102834,46,8,60,0,0,1,106,8,114
7434389,31,9,15,0,1,1,46,10,56
4635311,1,9,3,0,0,1,4,9,13
2678616,0,9,2,0,0,1,2,9,11
8779560,52,9,46,0,1,1,98,10,108
3746522,5,9,0,0,0,1,5,9,14
4991676,5,9,1,0,0,1,6,9,15
7270435,12,9,16,0,0,1,28,9,37
5763974,29,9,12,0,52,1,41,61,102
4603662,5,9,5,0,0,1,10,9,19
4967426,83,9,100,0,4,1,183,13,196
3506706,26,9,17,0,3,1,43,12,55
7432867,9,10,9,0,0,1,18,10,28
6824324,11,10,267,0,7,1,278,17,295
6604479,23,10,18,0,0,1,41,10,51
7807270,77,10,119,0,40,1,196,50,246
1740150,1,10,1,0,1,1,2,11,13
5154676,29,10,79,0,0,1,108,10,118
6436155,3,10,3,0,0,1,6,10,16
6293464,7,10,0,0,57,1,7,67,74
6403499,17,10,16,0,4,1,33,14,47
5972088,2,10,0,0,0,1,2,10,12
1493023,20,10,33,0,0,1,53,10,63
1513475,122,11,201,0,1,1,323,12,335
4265182,7,11,13,0,0,1,20,11,31
1436447,21,11,40,0,0,1,61,11,72
4518298,75,11,44,0,14,1,119,25,144
1593131,16,11,18,0,0,1,34,11,45
1041777,80,11,66,0,1,1,146,12,158
3968436,33,11,274,0,0,1,307,11,318
2853933,45,11,20,0,21,1,65,32,97
7103818,6,11,3,0,0,1,9,11,20
2797126,17,12,15,0,0,1,32,12,44
8457557,8,12,9,0,0,1,17,12,29
1159428,105,12,51,0,12,1,156,24,180
4102590,101,12,38,0,0,1,139,12,151
7822780,2,12,10,0,0,1,12,12,24
5347552,141,12,78,0,0,1,219,12,231
4916659,17,13,27,0,43,1,44,56,100
7321459,79,13,93,0,17,1,172,30,202
8555603,38,13,32,0,0,1,70,13,83
6675451,9,13,11,0,1,1,20,14,34
5415405,198,13,544,0,60,1,742,73,815
8672552,67,13,139,0,40,1,206,53,259
1992045,22,13,65,0,6,1,87,19,106
2230668,51,14,19,0,0,1,70,14,84
3108040,16,14,7,0,0,1,23,14,37
2587921,2,14,2,0,0,1,4,14,18
3533833,86,14,80,0,37,1,166,51,217
2079388,47,14,90,0,1,1,137,15,152
2726514,14,14,24,0,4,1,38,18,56
3363172,78,15,1674,0,3,1,1752,18,1770
4758406,21,15,13,0,0,1,34,15,49
5406019,114,15,63,0,2,1,177,17,194
2106751,52,15,35,0,1,1,87,16,103
7502400,16,15,20,0,0,1,36,15,51
2101565,15,15,6,0,0,1,21,15,36
5602322,2,15,1,0,0,1,3,15,18
8056641,43,15,116,0,0,1,159,15,174
1214913,16,15,5,0,1,1,21,16,37
1413502,6,15,0,0,0,1,6,15,21
1633065,4,15,10,0,0,1,14,15,29
3393833,54,16,259,0,13,1,313,29,342
2142936,23,16,9,0,5,1,32,21,53
2284105,12,16,14,0,0,1,26,16,42
1109166,52,16,65,0,206,1,117,222,339
4012549,26,16,17,0,1,1,43,17,60
2828618,128,17,1663,0,0,1,1791,17,1808
2841488,15,17,0,0,0,1,15,17,32
6204936,113,17,208,0,192,1,321,209,530
2070479,3,17,2,0,0,1,5,17,22
2717112,1,17,11,0,0,1,12,17,29
4866757,5,17,5,0,0,1,10,17,27
5930788,60,17,154,0,22,1,214,39,253
7500786,49,17,30,0,0,1,79,17,96
5686736,13,18,12,0,0,1,25,18,43
6386843,3,18,14,0,0,1,17,18,35
4845139,0,18,6,0,0,1,6,18,24
3146245,8,18,20,0,1,1,28,19,47
7780139,6,18,1,0,0,1,7,18,25
6047703,146,18,478,0,7,1,624,25,649
6145430,7,18,7,0,0,1,14,18,32
7068825,68,18,75,0,1,1,143,19,162
2602763,167,19,318,0,1,1,485,20,505
8584244,44,19,135,0,6,1,179,25,204
7748090,275,19,738,0,0,1,1013,19,1032
3035987,9,20,7,0,0,1,16,20,36
5179092,16,20,4,0,0,1,20,20,40
4974042,21,20,40,0,0,1,61,20,81
4940529,6,20,8,0,0,1,14,20,34
8346639,1,20,5,0,1,1,6,21,27
4795987,60,20,2,0,0,1,62,20,82
3853127,4,20,0,0,0,1,4,20,24
5476124,31,21,15,0,4,1,46,25,71
8096695,20,21,99,0,7,1,119,28,147
7476887,68,21,24,0,259,1,92,280,372
2816072,7,21,2,0,0,1,9,21,30
5697442,10,21,7,0,9,1,17,30,47
7629327,19,21,14,0,2,1,33,23,56
7435337,23,21,121,0,13,1,144,34,178
4764570,7,21,11,0,0,1,18,21,39
1452364,23,21,31,0,0,1,54,21,75
4611820,6,21,3,0,0,1,9,21,30
4600873,89,21,65,0,0,1,154,21,175
1718193,12,22,12,0,2,1,24,24,48
2061482,90,22,365,0,114,1,455,136,591
2628329,14,22,0,0,0,1,14,22,36
6829928,10,22,3,0,0,1,13,22,35
1266830,34,23,118,0,0,1,152,23,175
5073649,49,23,110,0,8,1,159,31,190
6327262,124,24,254,0,8,1,378,32,410
5111873,138,24,133,0,1,1,271,25,296
2346155,143,24,110,0,70,1,253,94,347
1532080,10,24,11,0,0,1,21,24,45
1776310,136,24,1959,0,30,1,2095,54,2149
2977289,85,24,200,0,2,1,285,26,311
2848319,7,25,12,0,0,1,19,25,44
7429862,52,25,32,0,10,1,84,35,119
4812397,38,25,61,0,263,1,99,288,387
2407166,30,26,15,0,0,1,45,26,71
6773043,29,26,17,0,0,1,46,26,72
8217918,45,27,1197,0,43,1,1242,70,1312
3657141,13,27,8,0,0,1,21,27,48
3115886,124,27,587,0,4,1,711,31,742
3910891,72,27,47,0,0,1,119,27,146
1839223,237,27,636,0,0,1,873,27,900
1582892,54,28,43,0,0,1,97,28,125
2166194,5,28,9,0,0,1,14,28,42
4528930,42,28,43,0,0,1,85,28,113
4505539,43,28,79,0,208,1,122,236,358
3694791,19,29,21,0,0,1,40,29,69
3439901,7,29,3,0,0,1,10,29,39
6131592,11,29,14,0,0,1,25,29,54
5975489,5,29,14,0,0,1,19,29,48
6195210,144,30,86,0,0,1,230,30,260
3891081,209,30,449,0,0,1,658,30,688
3647986,10,30,13,0,33,1,23,63,86
8597238,120,30,52,0,1,1,172,31,203
6791135,5,31,1,0,0,1,6,31,37
8965193,101,32,2655,0,666,1,2756,698,3454
3557036,255,32,582,0,14,1,837,46,883
3054476,3,33,3,0,1,1,6,34,40
8949659,188,34,710,0,5,1,898,39,937
5498548,92,34,131,0,0,1,223,34,257
4738813,90,35,5,0,0,1,95,35,130
3970396,14,35,1,0,0,1,15,35,50
4809507,5,36,1,0,0,1,6,36,42
8480431,125,36,150,0,0,1,275,36,311
4497491,31,37,31,0,189,1,62,226,288
6250958,71,37,653,0,167,1,724,204,928
7587856,231,37,1509,0,13,1,1740,50,1790
3559931,20,38,12,0,0,1,32,38,70
3476652,36,38,13,0,3,1,49,41,90
6698200,107,38,95,0,0,1,202,38,240
8455676,63,39,1315,0,2,1,1378,41,1419
1291434,89,39,158,0,0,1,247,39,286
1289598,117,39,141,0,46,1,258,85,343
5350195,34,39,30,0,0,1,64,39,103
8167749,65,39,41,0,0,1,106,39,145
4439384,63,40,76,0,0,1,139,40,179
4618597,5,40,12,0,0,1,17,40,57
2484929,10,41,20,0,1,1,30,42,72
8125634,18,41,5,0,19,1,23,60,83
1545230,28,42,23,0,0,1,51,42,93
8134740,52,42,100,0,0,1,152,42,194
1198357,85,43,134,0,0,1,219,43,262
4666772,45,43,45,0,3,1,90,46,136
8956923,27,44,24,0,5,1,51,49,100
7741272,39,45,27,0,1,1,66,46,112
2744235,65,45,398,0,1,1,463,46,509
3169976,73,45,119,0,0,1,192,45,237
5821993,19,45,0,0,10,1,19,55,74
4131863,39,45,250,0,0,1,289,45,334
7403072,25,46,105,0,45,1,130,91,221
7423770,24,47,74,0,0,1,98,47,145
4501584,7,47,15,0,0,1,22,47,69
3378211,300,47,690,0,0,1,990,47,1037
5337859,39,47,36,0,0,1,75,47,122
2748330,15,48,50,0,3,1,65,51,116
4923571,38,48,20,0,0,1,58,48,106
7137376,118,48,143,0,240,1,261,288,549
4341380,1,50,19,0,19,1,20,69,89
8689972,22,51,12,0,0,1,34,51,85
1230186,42,51,32,0,0,1,74,51,125
4238748,18,51,1005,0,0,1,1023,51,1074
1438195,26,52,10,0,95,1,36,147,183
5678676,6,52,11,0,0,1,17,52,69
8274842,1,52,8,0,1170,1,9,1222,1231
6402604,16,53,1,0,61,1,17,114,131
7699876,115,53,286,0,0,1,401,53,454
1014962,71,53,181,0,10,1,252,63,315
3546129,11,54,0,0,103,1,11,157,168
1221828,34,54,34,0,2,1,68,56,124
7271843,209,54,710,0,18,1,919,72,991
7298366,175,55,95,0,2,1,270,57,327
4566008,129,55,128,0,101,1,257,156,413
7653113,67,55,48,0,6,1,115,61,176
8013969,82,55,50,0,9,1,132,64,196
7370086,37,55,32,0,272,1,69,327,396
4064553,10,56,17,0,0,1,27,56,83
8537557,12,56,13,0,13,1,25,69,94
2616615,108,56,30,0,0,1,138,56,194
5282587,33,57,30,0,11,1,63,68,131
3867590,121,58,212,0,0,1,333,58,391
2840055,11,58,5,0,21,1,16,79,95
5750956,185,61,485,0,0,1,670,61,731
5694303,83,63,4180,0,0,1,4263,63,4326
2003358,44,63,91,0,24,1,135,87,222
4989276,16,63,8,0,0,1,24,63,87
6984128,183,63,465,0,11,1,648,74,722
8189388,80,65,476,0,14,1,556,79,635
8360758,382,65,497,0,12,1,879,77,956
2264316,36,65,28,0,0,1,64,65,129
2166249,9,66,10,0,0,1,19,66,85
2392756,8,67,66,0,0,1,74,67,141
8171348,28,67,195,0,0,1,223,67,290
5673293,20,68,50,0,22,1,70,90,160
3512881,41,69,38,0,36,1,79,105,184
3412305,107,69,5239,0,558,1,5346,627,5973
6029543,30,70,142,0,27,1,172,97,269
2754241,58,70,43,0,182,1,101,252,353
2634614,42,70,384,0,3,1,426,73,499
3747351,6,71,1,0,31,1,7,102,109
2578085,23,71,14,0,9,1,37,80,117
7881394,4,72,5,0,5,1,9,77,86
6063105,16,72,5,0,8,1,21,80,101
3087104,140,72,251,0,0,1,391,72,463
4342968,139,73,142,0,5,1,281,78,359
3814674,28,73,64,0,0,1,92,73,165
4586215,174,73,344,0,0,1,518,73,591
3305057,2,74,14,0,2,1,16,76,92
6552512,211,74,929,0,129,1,1140,203,1343
6900582,114,74,262,0,0,1,376,74,450
8654169,18,75,9,0,0,1,27,75,102
4765423,69,76,335,0,0,1,404,76,480
4148996,29,76,24,0,162,1,53,238,291
8729578,54,76,900,0,0,1,954,76,1030
6352056,86,76,59,0,16,1,145,92,237
7726159,81,77,133,0,0,1,214,77,291
5426643,18,77,61,0,1,1,79,78,157
6158916,18,78,24,0,30,1,42,108,150
6602768,13,78,2,0,0,1,15,78,93
4978027,11,78,35,0,21,1,46,99,145
2699923,38,79,65,0,1,1,103,80,183
4004325,10,79,2,0,42,1,12,121,133
1936946,21,79,2,0,0,1,23,79,102
8399372,173,79,175,0,168,1,348,247,595
6909746,73,79,123,0,0,1,196,79,275
4942277,11,80,1,0,8,1,12,88,100
1119309,17,80,38,0,0,1,55,80,135
6062396,16,81,23,0,0,1,39,81,120
1840761,18,82,0,0,5,1,18,87,105
4105518,36,82,39,0,5,1,75,87,162
3986213,22,82,8,0,9,1,30,91,121
4053069,23,82,6,0,113,1,29,195,224
3827734,128,84,75,0,35,1,203,119,322
4604858,84,84,42,0,23,1,126,107,233
8290102,24,85,102,0,1,1,126,86,212
1050544,21,86,138,0,2,1,159,88,247
7122267,13,87,17,0,46,1,30,133,163
2092930,85,87,179,0,12,1,264,99,363
2188178,289,87,2430,0,36,1,2719,123,2842
7853001,49,88,62,0,0,1,111,88,199
3575524,37,88,9,0,14,1,46,102,148
6953068,3,88,1,0,52,1,4,140,144
1239958,68,89,65,0,25,1,133,114,247
7531207,66,89,61,0,11,1,127,100,227
7235348,95,89,44,0,0,1,139,89,228
4491971,13,89,34,0,3,1,47,92,139
1640645,17,89,11,0,0,1,28,89,117
3546474,16,90,10,0,64,1,26,154,180
7387090,72,90,141,0,0,1,213,90,303
3090144,47,90,1,0,7,1,48,97,145
1633830,24,92,93,0,0,1,117,92,209
7304378,113,92,259,0,1,1,372,93,465
8571641,15,93,30,0,320,1,45,413,458
5865058,24,94,9,0,23,1,33,117,150
6380084,122,94,1992,0,18,1,2114,112,2226
7806612,98,95,453,0,454,1,551,549,1100
4492232,23,95,11,0,3,1,34,98,132
7526938,71,95,31,0,2,1,102,97,199
3782910,66,96,43,0,0,1,109,96,205
6620188,8,96,5,0,56,1,13,152,165
7680579,60,96,71,0,115,1,131,211,342
8499304,57,97,35,0,429,1,92,526,618
8803071,72,97,58,0,154,1,130,251,381
3163708,26,98,4,0,0,1,30,98,128
8744804,20,99,44,0,2,1,64,101,165
4278371,144,99,251,0,0,1,395,99,494
6372609,165,99,104,0,0,1,269,99,368
6735267,24,101,113,0,40,1,137,141,278
7021208,11,101,0,0,48,1,11,149,160
2009624,38,101,26,0,0,1,64,101,165
2820265,22,101,0,0,66,1,22,167,189
1274739,9,101,5,0,73,1,14,174,188
1471634,33,102,93,0,30,1,126,132,258
7517093,16,102,7,0,55,1,23,157,180
4502825,16,103,9,0,55,1,25,158,183
5324238,228,105,2453,0,84,1,2681,189,2870
6670857,38,105,25,0,2,1,63,107,170
1539892,4,106,0,0,7,1,4,113,117
1236328,231,106,439,0,0,1,670,106,776
3521113,8,106,6,0,8,1,14,114,128
1928790,433,107,3631,0,26,1,4064,133,4197
5350503,182,107,160,0,1,1,342,108,450
1001428,240,107,268,0,5,1,508,112,620
7179210,2,107,8,0,0,1,10,107,117
8753775,126,108,406,0,0,1,532,108,640
2320654,44,109,131,0,0,1,175,109,284
2012053,14,110,9,0,49,1,23,159,182
2886961,85,110,500,0,0,1,585,110,695
4837745,20,110,20,0,69,1,40,179,219
1729982,160,110,163,0,5,1,323,115,438
4070434,32,110,26,0,0,1,58,110,168
7224008,274,111,1302,0,0,1,1576,111,1687
5666047,195,111,310,0,0,1,505,111,616
1461831,4,113,20,0,1,1,24,114,138
7811952,69,113,695,0,458,1,764,571,1335
5223297,284,114,1481,0,5,1,1765,119,1884
1961503,197,115,112,0,200,1,309,315,624
1647722,47,116,266,0,0,1,313,116,429
7691321,14,116,9,0,11,1,23,127,150
6599493,118,116,96,0,3,1,214,119,333
5904115,53,120,62,0,2,1,115,122,237
4002890,108,120,73,0,0,1,181,120,301
5810373,41,122,394,0,2,1,435,124,559
7456153,92,122,1282,0,55,1,1374,177,1551
7345306,237,123,569,0,10,1,806,133,939
6792432,33,123,7,0,4,1,40,127,167
8055412,28,124,13,0,1,1,41,125,166
8408827,440,125,1800,0,0,1,2240,125,2365
1121286,10,126,7,0,148,1,17,274,291
6261319,111,127,210,0,37,1,321,164,485
3612400,92,127,1219,0,62,1,1311,189,1500
2357691,20,129,11,0,12,1,31,141,172
5095829,2,129,13,0,1,1,15,130,145
3181974,363,129,3895,0,28,1,4258,157,4415
6163158,205,130,625,0,25,1,830,155,985
4490744,387,132,2094,0,0,1,2481,132,2613
5477581,5,132,17,0,3,1,22,135,157
5737293,138,133,283,0,0,1,421,133,554
5459112,77,134,74,0,2,1,151,136,287
8452012,180,135,223,0,5,1,403,140,543
5724140,14,141,9,0,1,1,23,142,165
6002262,110,145,447,0,46,1,557,191,748
5831523,315,159,2179,0,44,1,2494,203,2697
3745752,239,163,583,0,0,1,822,163,985
8576945,191,168,206,0,0,1,397,168,565
3153550,133,181,3,0,0,1,136,181,317
3555344,6,188,20,0,0,1,26,188,214
6373026,38,266,78,0,141,1,116,407,523
8126826,13,0,113,1,3,1,126,4,130
8715137,13,0,32,1,0,1,45,1,46
8569518,45,0,99,1,1,1,144,2,146
7503630,23,1,44,1,0,1,67,2,69
8987545,3,1,36,1,37,1,39,39,78
3076130,29,2,35,1,0,1,64,3,67
4165407,7,2,30,1,11,1,37,14,51
6046483,22,2,65,1,3,1,87,6,93
7996425,11,3,18,1,1,1,29,5,34
3885692,20,4,15,1,3,1,35,8,43
3833877,48,4,34,1,0,1,82,5,87
2773298,81,4,248,1,6,1,329,11,340
8454029,93,5,67,1,0,1,160,6,166
2439081,111,5,182,1,0,1,293,6,299
3461405,10,6,7,1,9,1,17,16,33
5229182,5,6,4,1,33,1,9,40,49
4389214,5,6,1,1,18,1,6,25,31
7120733,119,6,85,1,1,1,204,8,212
2489568,54,6,124,1,0,1,178,7,185
6882173,17,7,41,1,29,1,58,37,95
8129977,6,9,26,1,66,1,32,76,108
3933523,42,9,24,1,1,1,66,11,77
3317105,18,10,13,1,1,1,31,12,43
5617904,9,11,22,1,0,1,31,12,43
5615912,4,11,5,1,2,1,9,14,23
2761463,57,13,50,1,7,1,107,21,128
3476877,61,13,37,1,0,1,98,14,112
3170547,46,16,53,1,2,1,99,19,118
1392259,26,18,15,1,4,1,41,23,64
6728037,27,18,32,1,0,1,59,19,78
8666108,22,18,15,1,0,1,37,19,56
1464404,78,21,240,1,52,1,318,74,392
6759871,54,21,57,1,0,1,111,22,133
1027228,61,23,70,1,0,1,131,24,155
2395685,11,24,7,1,7,1,18,32,50
7724259,68,24,43,1,0,1,111,25,136
7890756,124,25,7827,1,0,1,7951,26,7977
3122686,8,25,18,1,0,1,26,26,52
2775772,27,27,29,1,1,1,56,29,85
2098417,7,29,51,1,29,1,58,59,117
2786767,7,30,13,1,1,1,20,32,52
5848183,8,30,13,1,1,1,21,32,53
6744187,3,31,2,1,0,1,5,32,37
4562499,129,31,212,1,41,1,341,73,414
4487095,36,32,31,1,26,1,67,59,126
8174616,15,33,6,1,0,1,21,34,55
2969049,44,34,25,1,171,1,69,206,275
2011518,101,34,70,1,2,1,171,37,208
8272175,4,35,11,1,1,1,15,37,52
5283123,25,36,25,1,0,1,50,37,87
1967014,56,38,1891,1,0,1,1947,39,1986
3380441,109,38,301,1,33,1,410,72,482
4627428,48,40,87,1,210,1,135,251,386
3333614,142,40,5451,1,953,1,5593,994,6587
7349725,15,40,21,1,15,1,36,56,92
5701355,29,40,31,1,1,1,60,42,102
8704695,105,41,114,1,59,1,219,101,320
6348243,16,41,13,1,1,1,29,43,72
6364406,10,43,3,1,0,1,13,44,57
2865125,57,44,183,1,11,1,240,56,296
1486311,78,46,2515,1,0,1,2593,47,2640
6470158,13,46,20,1,10,1,33,57,90
6181977,107,47,584,1,0,1,691,48,739
5402623,5,48,2,1,9,1,7,58,65
5106082,65,48,138,1,102,1,203,151,354
6719600,50,49,30,1,2,1,80,52,132
1660982,453,50,1785,1,8,1,2238,59,2297
1828042,171,51,187,1,21,1,358,73,431
8943060,21,52,6,1,0,1,27,53,80
1168222,43,53,134,1,32,1,177,86,263
2670198,81,53,3271,1,17,1,3352,71,3423
6766942,247,54,5567,1,51,1,5814,106,5920
6554843,259,55,461,1,0,1,720,56,776
1488746,12,57,47,1,33,1,59,91,150
4446199,77,58,247,1,311,1,324,370,694
6609930,17,60,28,1,44,1,45,105,150
6271365,8,60,4,1,109,1,12,170,182
4944285,33,60,107,1,0,1,140,61,201
4794318,27,64,66,1,4,1,93,69,162
6321372,78,65,328,1,198,1,406,264,670
8502696,300,65,1003,1,0,1,1303,66,1369
5152397,52,66,55,1,16,1,107,83,190
2635416,272,67,1066,1,19,1,1338,87,1425
8897005,112,68,266,1,39,1,378,108,486
8513259,4,71,16,1,9,1,20,81,101
8251078,24,71,44,1,195,1,68,267,335
2352439,117,72,107,1,7,1,224,80,304
6429519,135,74,119,1,18,1,254,93,347
3386819,103,76,100,1,1,1,203,78,281
8209238,7,76,3,1,93,1,10,170,180
5409588,107,76,86,1,9,1,193,86,279
4363557,14,77,15,1,2,1,29,80,109
2084763,8,77,2,1,1,1,10,79,89
8171349,8,78,4,1,1,1,12,80,92
2285737,141,78,6591,1,0,1,6732,79,6811
2770990,67,79,57,1,615,1,124,695,819
8465611,3,79,21,1,54,1,24,134,158
7750995,30,80,588,1,1,1,618,82,700
3766692,119,81,974,1,503,1,1093,585,1678
6556428,25,81,61,1,44,1,86,126,212
1630789,70,82,939,1,162,1,1009,245,1254
5370460,233,82,531,1,1,1,764,84,848
5239763,30,84,88,1,28,1,118,113,231
5088165,8,84,5,1,4,1,13,89,102
5836808,11,84,6,1,30,1,17,115,132
6320673,45,85,238,1,47,1,283,133,416
5898111,94,85,68,1,84,1,162,170,332
6230777,87,86,74,1,16,1,161,103,264
8895699,166,87,1056,1,0,1,1222,88,1310
2121928,24,90,30,1,176,1,54,267,321
4242212,321,91,4607,1,58,1,4928,150,5078
2664577,133,92,2733,1,26,1,2866,119,2985
7256696,187,99,4623,1,0,1,4810,100,4910
4343383,10,100,15,1,27,1,25,128,153
4495422,41,100,59,1,32,1,100,133,233
6720570,35,102,8,1,117,1,43,220,263
3569943,35,104,93,1,0,1,128,105,233
5243367,49,105,63,1,0,1,112,106,218
4918126,235,106,5221,1,35,1,5456,142,5598
3252628,52,107,15,1,325,1,67,433,500
6387600,151,107,801,1,105,1,952,213,1165
6775509,133,109,182,1,10,1,315,120,435
5145584,123,113,180,1,4,1,303,118,421
3347693,45,115,218,1,221,1,263,337,600
1717593,19,117,8,1,74,1,27,192,219
2122853,57,119,77,1,13,1,134,133,267
7529779,73,119,42,1,150,1,115,270,385
3007244,81,121,58,1,34,1,139,156,295
2437608,26,124,15,1,22,1,41,147,188
6644972,18,124,24,1,0,1,42,125,167
5279142,28,125,11,1,51,1,39,177,216
2808274,71,135,50,1,294,1,121,430,551
3780370,217,136,6508,1,0,1,6725,137,6862
4367298,281,137,2445,1,140,1,2726,278,3004
4311407,58,156,42,1,236,1,100,393,493
7405938,315,160,6284,1,46,1,6599,207,6806
1024668,112,198,406,1,0,1,518,199,717
4579313,41,0,158,2,68,1,199,70,269
4552573,63,0,6808,2,0,1,6871,2,6873
2068804,20,1,71,2,0,1,91,3,94
1589586,5,2,30,2,66,1,35,70,105
8090551,37,2,38,2,0,1,75,4,79
2162220,9,6,25,2,72,1,34,80,114
8756692,33,7,53,2,0,1,86,9,95
1367281,8,8,8,2,0,1,16,10,26
8001796,20,8,30,2,0,1,50,10,60
8238387,63,8,270,2,105,1,333,115,448
7654973,14,12,12,2,28,1,26,42,68
1193878,6,14,8,2,4,1,14,20,34
4823840,8,14,12,2,33,1,20,49,69
5495832,39,14,48,2,3,1,87,19,106
2733163,30,15,34,2,47,1,64,64,128
8246992,32,18,39,2,0,1,71,20,91
5526636,54,32,66,2,0,1,120,34,154
1218742,39,35,22,2,0,1,61,37,98
3605651,201,44,6551,2,0,1,6752,46,6798
6619922,4,45,11,2,24,1,15,71,86
2939499,20,49,23,2,2,1,43,53,96
4096612,229,57,1370,2,71,1,1599,130,1729
6845168,8,57,76,2,49,1,84,108,192
7230461,4,64,4,2,37,1,8,103,111
8213022,119,66,1145,2,0,1,1264,68,1332
7204092,26,69,73,2,6,1,99,77,176
5999455,54,70,1089,2,1,1,1143,73,1216
8483246,246,71,519,2,5,1,765,78,843
1078549,7,71,4,2,13,1,11,86,97
4662762,27,77,22,2,0,1,49,79,128
7158907,15,79,4,2,0,1,19,81,100
1442233,6,84,10,2,9,1,16,95,111
1710471,15,92,21,2,26,1,36,120,156
6801500,32,93,8,2,5,1,40,100,140
4826716,221,96,1078,2,136,1,1299,234,1533
1323431,61,96,790,2,116,1,851,214,1065
1406287,24,98,582,2,73,1,606,173,779
1512850,306,99,5063,2,120,1,5369,221,5590
8091023,8,104,23,2,29,1,31,135,166
3225408,2,106,4,2,184,1,6,292,298
6776344,13,110,8,2,60,1,21,172,193
4152167,308,118,4534,2,77,1,4842,197,5039
2540650,17,119,19,2,266,1,36,387,423
7166872,20,119,12,2,7,1,32,128,160
3921634,154,123,410,2,81,1,564,206,770
2237089,195,125,6280,2,78,1,6475,205,6680
7083603,69,145,69,2,478,1,138,625,763
7368008,114,172,284,2,0,1,398,174,572
1832626,117,1,676,3,0,1,793,4,797
5031236,53,7,56,3,1,1,109,11,120
4141537,11,15,14,3,1,1,25,19,44
5405010,108,16,197,3,165,1,305,184,489
3875589,16,19,21,3,4,1,37,26,63
4257818,142,23,127,3,16,1,269,42,311
1696728,19,23,24,3,88,1,43,114,157
7921549,66,26,277,3,734,1,343,763,1106
4214662,17,29,26,3,208,1,43,240,283
2434062,109,42,158,3,31,1,267,76,343
2468227,39,50,57,3,1,1,96,54,150
2339996,21,55,32,3,0,1,53,58,111
3341212,38,64,37,3,36,1,75,103,178
1956320,116,69,107,3,675,1,223,747,970
6794169,10,72,8,3,14,1,18,89,107
2020928,391,73,633,3,37,1,1024,113,1137
6891911,532,77,1535,3,8,1,2067,88,2155
3670203,42,80,58,3,169,1,100,252,352
7792660,79,80,250,3,10,1,329,93,422
4335470,14,88,66,3,72,1,80,163,243
5624903,65,88,434,3,13,1,499,104,603
2619841,56,91,59,3,486,1,115,580,695
5142009,240,98,468,3,10,1,708,111,819
3595953,10,107,6,3,62,1,16,172,188
2767209,177,109,305,3,5,1,482,117,599
3739768,8,116,4,3,2,1,12,121,133
4458161,24,122,282,3,368,1,306,493,799
1216337,89,143,1632,3,200,1,1721,346,2067
7080917,228,151,6720,3,99,1,6948,253,7201
6523480,336,188,2692,3,30,1,3028,221,3249
8555295,156,275,150,3,128,1,306,406,712
8292846,9,1,12,4,3,1,21,8,29
1346774,165,10,177,4,73,1,342,87,429
4847849,12,16,18,4,93,1,30,113,143
1849027,27,17,73,4,167,1,100,188,288
5478299,41,22,56,4,84,1,97,110,207
1743307,51,29,63,4,54,1,114,87,201
1910640,118,34,150,4,19,1,268,57,325
5346382,202,50,463,4,0,1,665,54,719
7783887,45,69,52,4,3,1,97,76,173
8580552,65,82,3425,4,13,1,3490,99,3589
3365981,120,86,164,4,0,1,284,90,374
8365464,20,106,25,4,78,1,45,188,233
4796316,94,111,151,4,82,1,245,197,442
2685773,106,112,142,4,215,1,248,331,579
3827571,372,117,843,4,69,1,1215,190,1405
5615333,265,121,12367,4,160,1,12632,285,12917
6452995,11,163,10,4,0,1,21,167,188
4928987,8,166,4,4,34,1,12,204,216
4527090,196,2,4053,5,0,1,4249,7,4256
1207987,4,14,12,5,56,1,16,75,91
1183111,29,26,43,5,44,1,72,75,147
8471078,34,26,37,5,1,1,71,32,103
4421880,77,31,85,5,28,1,162,64,226
6044216,19,59,18,5,52,1,37,116,153
8262356,25,59,32,5,88,1,57,152,209
1054764,29,65,34,5,3,1,63,73,136
6286315,47,66,45,5,6,1,92,77,169
6316146,146,72,6807,5,80,1,6953,157,7110
1663974,98,76,3889,5,0,1,3987,81,4068
5560446,28,89,29,5,82,1,57,176,233
2394886,49,98,2394,5,204,1,2443,307,2750
2838411,151,102,175,5,29,1,326,136,462
4350729,88,112,2163,5,519,1,2251,636,2887
8123858,12,117,9,5,3,1,21,125,146
7510507,16,149,10,5,168,1,26,322,348
7016313,37,202,21,5,168,1,58,375,433
7451979,34,0,5108,6,0,1,5142,6,5148
1397395,15,26,30,6,0,1,45,32,77
2698226,6,40,6,6,202,1,12,248,260
3252166,231,52,612,6,0,1,843,58,901
6133453,20,64,35,6,0,1,55,70,125
1035366,72,64,64,6,3,1,136,73,209
1621586,34,65,43,6,2,1,77,73,150
8990379,61,65,53,6,0,1,114,71,185
6721865,188,75,268,6,16,1,456,97,553
3329363,81,93,507,6,4,1,588,103,691
7624098,34,115,39,6,216,1,73,337,410
2143818,537,122,2726,6,0,1,3263,128,3391
3451143,137,125,435,6,285,1,572,416,988
7143216,19,143,10,6,15,1,29,164,193
5074676,368,155,2854,6,121,1,3222,282,3504
7070604,16,159,15,6,100,1,31,265,296
2969661,533,167,3595,6,0,1,4128,173,4301
2013796,91,212,78,6,0,1,169,218,387
4299313,33,0,6808,7,0,1,6841,7,6848
2023447,88,24,101,7,451,1,189,482,671
4801316,22,33,34,7,184,1,56,224,280
6879361,83,58,128,7,0,1,211,65,276
2153574,27,84,32,7,11,1,59,102,161
6990936,162,116,355,7,0,1,517,123,640
4031115,27,129,21,7,111,1,48,247,295
4890651,69,12,38,8,64,1,107,84,191
7948655,20,46,21,8,99,1,41,153,194
7402588,28,57,43,8,85,1,71,150,221
7264781,40,58,47,8,203,1,87,269,356
4890110,105,64,169,8,529,1,274,601,875
6778924,45,80,53,8,4,1,98,92,190
3739389,321,162,5691,8,17,1,6012,187,6199
2869874,20,185,13,8,197,1,33,390,423
3126367,233,0,4095,9,0,1,4328,9,4337
6643902,104,17,76,9,2,1,180,28,208
4832204,81,27,66,9,444,1,147,480,627
7860258,185,40,492,9,35,1,677,84,761
2052397,183,64,964,9,75,1,1147,148,1295
2031309,328,70,1378,9,20,1,1706,99,1805
3132809,17,80,22,9,38,1,39,127,166
8693885,93,95,84,9,202,1,177,306,483
2708944,19,108,24,9,212,1,43,329,372
8110201,21,110,21,9,71,1,42,190,232
1459555,74,113,85,9,2,1,159,124,283
1549051,161,115,246,9,638,1,407,762,1169
8346039,242,142,165,9,310,1,407,461,868
3574464,189,166,525,9,25,1,714,200,914
2987008,51,43,38,10,1,1,89,54,143
8760891,44,64,57,10,110,1,101,184,285
4945945,14,71,23,10,176,1,37,257,294
1443757,47,77,53,10,8,1,100,95,195
4181228,250,121,2969,10,31,1,3219,162,3381
4082370,43,263,45,10,826,1,88,1099,1187
3284752,49,1,67,11,1,1,116,13,129
1904497,69,2,51,11,0,1,120,13,133
2226206,93,12,173,11,3,1,266,26,292
6136667,37,50,79,11,31,1,116,92,208
7412049,80,75,110,11,323,1,190,409,599
1899106,63,79,89,11,16,1,152,106,258
7325433,179,97,3394,11,153,1,3573,261,3834
6966778,114,104,147,11,20,1,261,135,396
7107144,145,111,213,11,810,1,358,932,1290
7757967,17,152,32,11,139,1,49,302,351
5563881,60,210,48,11,953,1,108,1174,1282
3923724,47,3,42,12,6,1,89,21,110
5085460,43,19,73,12,0,1,116,31,147
4130067,102,53,113,12,0,1,215,65,280
5300224,47,60,87,12,124,1,134,196,330
3869741,437,115,1212,12,0,1,1649,127,1776
3276282,82,121,182,12,171,1,264,304,568
5025330,183,162,161,12,187,1,344,361,705
1197669,41,205,54,12,251,1,95,468,563
2362023,116,207,125,12,548,1,241,767,1008
2817956,27,0,28,13,0,1,55,13,68
4727736,105,2,73,13,1,1,178,16,194
7298940,43,36,46,13,4,1,89,53,142
5937798,124,66,212,13,1,1,336,80,416
7366228,25,89,30,13,194,1,55,296,351
3923468,59,100,58,13,2,1,117,115,232
5586506,49,110,66,13,339,1,115,462,577
7384134,71,113,99,13,28,1,170,154,324
1892693,34,222,43,13,418,1,77,653,730
2468710,74,0,262,14,0,1,336,14,350
8121763,222,61,259,14,2,1,481,77,558
4431554,94,65,164,14,176,1,258,255,513
2415106,47,74,80,14,194,1,127,282,409
1726395,154,84,102,14,37,1,256,135,391
6456333,43,100,54,14,187,1,97,301,398
4576591,35,109,41,14,211,1,76,334,410
6247887,48,126,58,14,382,1,106,522,628
6322459,124,133,139,14,166,1,263,313,576
5420196,74,182,87,14,1093,1,161,1289,1450
6974739,94,207,91,14,949,1,185,1170,1355
1912112,94,21,80,15,38,1,174,74,248
5663428,163,32,137,15,12,1,300,59,359
5757514,180,90,422,15,55,1,602,160,762
1203746,344,97,945,15,0,1,1289,112,1401
3894522,139,111,161,15,210,1,300,336,636
4386478,84,133,87,15,425,1,171,573,744
5380546,65,7,70,16,6,1,135,29,164
2135563,166,42,199,16,58,1,365,116,481
3301347,38,45,36,16,0,1,74,61,135
4334346,155,72,131,16,29,1,286,117,403
6107898,67,84,46,16,117,1,113,217,330
5168392,82,145,65,16,1133,1,147,1294,1441
3461847,0,0,109,17,0,1,109,17,126
2480109,98,108,327,17,153,1,425,278,703
6416915,238,122,557,17,58,1,795,197,992
5031502,67,213,88,17,946,1,155,1176,1331
6389379,170,12,575,18,0,1,745,30,775
3183051,70,58,109,18,230,1,179,306,485
1774478,234,71,543,18,0,1,777,89,866
3608552,116,84,114,18,348,1,230,450,680
5667205,74,102,145,18,925,1,219,1045,1264
3464535,115,123,184,18,354,1,299,495,794
5555264,156,35,110,19,0,1,266,54,320
2391919,250,122,3394,19,0,1,3644,141,3785
8641758,69,100,154,20,438,1,223,558,781
4365318,252,109,965,20,0,1,1217,129,1346
2553984,672,199,3421,20,0,1,4093,219,4312
7173596,242,49,272,21,24,1,514,94,608
1519987,122,88,580,21,10,1,702,119,821
6363032,107,44,750,22,0,1,857,66,923
7732446,258,87,657,22,9,1,915,118,1033
7159285,150,148,2703,22,1451,1,2853,1621,4474
2927588,113,149,245,23,27,1,358,199,557
5675634,148,80,226,24,0,1,374,104,478
5374189,80,156,182,24,1281,1,262,1461,1723
1404326,80,227,95,24,1173,1,175,1424,1599
1936158,215,88,330,26,23,1,545,137,682
2302386,216,108,331,26,154,1,547,288,835
3331159,104,120,141,26,49,1,245,195,440
8788368,386,144,707,28,0,1,1093,172,1265
4669801,119,108,254,29,22,1,373,159,532
2023156,492,99,798,31,0,1,1290,130,1420
4467778,241,127,458,37,332,1,699,496,1195
8797570,384,135,1034,37,312,1,1418,484,1902
5310138,0,0,143,38,0,1,143,38,181
3448376,202,119,318,38,96,1,520,253,773
5165382,291,184,537,45,727,1,828,956,1784
3197174,403,198,863,46,0,1,1266,244,1510
7662572,300,215,745,58,1021,1,1045,1294,2339